Workbook
Name StartingBalance: Podsumowanie!$L$8

Sheet Podsumowanie
B2: PIERWSZE KROKI | I2: UWAGA
B3: Podaj saldo początkowe w komórce L8, a następnie dostosuj kategorie i kwoty planowanych wydatków w tabelach „Przychody” i „Wydatki” poniżej. | I3: Edytuj tylko wyróżnione komórki.
I4: Postaraj się nie zmieniać komórek zawierających formułę.
B5: Gdy wpiszesz datę w arkuszu „Transakcje”, dane w tym arkuszu zostaną automatycznie zaktualizowane, aby pokazać podsumowanie miesięcznych wydatków.
B8: Budżet miesięczny | J8: Saldo początkowe: | L8: 0
D12: =IFERROR(__xludf.DUMMYFUNCTION("SPARKLINE(D17,{""charttype"",""column"";""ymin"", 0; ""ymax"",MAX(D17:E17);""firstcolor"",""#334960""})"),"") | E12: =IFERROR(__xludf.DUMMYFUNCTION("SPARKLINE(E17,{""charttype"",""column"";""ymin"", 0; ""ymax"",max(D17:E17);""firstcolor"",""#f46524""})"),"")
I13: =iferror(E17/D17-1, "")
I14: =if(I13 < 0, "Zwiększenie oszczędności", "Zmniejszenie oszczędności") -> Zmniejszenie oszczędności
I15: =iferror(E17-D17, 0) -> 904.01
D16: SALDO POCZATKOWE | E16: SALDO KOŃCOWE | I16: =if(J15<0, "Wydane w tym miesiącu", "Zaoszczędzone w tym miesiącu") -> Zaoszczędzone w tym miesiącu
D17: =if(isblank(L8),0,L8) -> 0 | E17: =D17+(I22-C22) -> 904.01
B20: Wydatki | H20: Przychody
B21: Planowane | C21: =D26 -> 22650 | D21: =IFERROR(__xludf.DUMMYFUNCTION("SPARKLINE(C21,{""charttype"",""bar"";""max"",max(C21:C22);""color1"",""#AEB7C0""})"),"") | H21: Planowane | I21: =J26 -> 28000 | J21: =IFERROR(__xludf.DUMMYFUNCTION("SPARKLINE(I21,{""charttype"",""bar"";""max"",max(I21:I22);""color1"",""#AEB7C0""})"),"")
B22: Rzeczywiste | C22: =E26 -> 29095.99 | D22: =IFERROR(__xludf.DUMMYFUNCTION("SPARKLINE(C22,{""charttype"",""bar"";""max"",max(C21:C22);""color1"",""#334960""})"),"") | H22: Rzeczywiste | I22: =K26 -> 30000 | J22: =IFERROR(__xludf.DUMMYFUNCTION("SPARKLINE(I22,{""charttype"",""bar"";""max"",max(I21:I22);""color1"",""#334960""})"),"")
B24: Wydatki | H24: Przychody
D25: Planowane | E25: Rzeczywiste | F25: Różnica | J25: Planowane | K25: Rzeczywiste | L25: Różnica
B26: Suma | D26: =sum(D27:D44) -> 22650 | E26: =sum(E27:E44) -> 29095.99 | F26: =sum(F27:F44) -> -6445.99 | H26: Suma | J26: =sum(J27:J44) -> 28000 | K26: =sum(K27:K44) -> 30000 | L26: =sum(L27:L44) -> 2000
E27: =if(isblank($B27), "", sumif(Transakcje!$E:$E,$B27,Transakcje!$C:$C)) | F27: =if(isblank($B27), "", D27-E27) | K27: =if(isblank($H27), "", sumif(Transakcje!$J:$J,$H27,Transakcje!$H:$H)) | L27: =if(isblank($H27), "", K27-J27)
B28: Zakupy | D28: 1500 | E28: =if(isblank($B28), "", sumif(Transakcje!$E:$E,$B28,Transakcje!$C:$C)) -> 349 | F28: =if(isblank($B28), "", D28-E28) -> 1151 | H28: Oszczędności | J28: 0 | K28: =if(isblank($H28), "", sumif(Transakcje!$J:$J,$H28,Transakcje!$H:$H)) -> 0 | L28: =if(isblank($H28), "", K28-J28) -> 0
B29: Firma | D29: 14000 | E29: =if(isblank($B29), "", sumif(Transakcje!$E:$E,$B29,Transakcje!$C:$C)) -> 16986 | F29: =if(isblank($B29), "", D29-E29) -> -2986 | H29: Pensja | J29: 28000 | K29: =if(isblank($H29), "", sumif(Transakcje!$J:$J,$H29,Transakcje!$H:$H)) -> 30000 | L29: =if(isblank($H29), "", K29-J29) -> 2000
B30: Restauracje | D30: 2000 | E30: =if(isblank($B30), "", sumif(Transakcje!$E:$E,$B30,Transakcje!$C:$C)) -> 1537 | F30: =if(isblank($B30), "", D30-E30) -> 463 | H30: 800+ | J30: 0 | K30: =if(isblank($H30), "", sumif(Transakcje!$J:$J,$H30,Transakcje!$H:$H)) -> 0 | L30: =if(isblank($H30), "", K30-J30) -> 0
B31: Dom (czynsz, rachunki) | D31: 1500 | E31: =if(isblank($B31), "", sumif(Transakcje!$E:$E,$B31,Transakcje!$C:$C)) -> 1643.99 | F31: =if(isblank($B31), "", D31-E31) -> -143.99 | H31: Odsetki | J31: 0 | K31: =if(isblank($H31), "", sumif(Transakcje!$J:$J,$H31,Transakcje!$H:$H)) -> 0 | L31: =if(isblank($H31), "", K31-J31) -> 0
B32: Transport | D32: 600 | E32: =if(isblank($B32), "", sumif(Transakcje!$E:$E,$B32,Transakcje!$C:$C)) -> 618 | F32: =if(isblank($B32), "", D32-E32) -> -18 | H32: Inne | J32: 0 | K32: =if(isblank($H32), "", sumif(Transakcje!$J:$J,$H32,Transakcje!$H:$H)) -> 0 | L32: =if(isblank($H32), "", K32-J32) -> 0
B33: Nela | D33: 1700 | E33: =if(isblank($B33), "", sumif(Transakcje!$E:$E,$B33,Transakcje!$C:$C)) -> 3872 | F33: =if(isblank($B33), "", D33-E33) -> -2172 | H33: Kategoria niestandardowa | J33: 0 | K33: =if(isblank($H33), "", sumif(Transakcje!$J:$J,$H33,Transakcje!$H:$H)) -> 0 | L33: =if(isblank($H33), "", K33-J33) -> 0
B34: Koty | D34: 0 | E34: =if(isblank($B34), "", sumif(Transakcje!$E:$E,$B34,Transakcje!$C:$C)) -> 0 | F34: =if(isblank($B34), "", D34-E34) -> 0 | K34: =if(isblank($H34), "", sumif(Transakcje!$J:$J,$H34,Transakcje!$H:$H)) | L34: =if(isblank($H34), "", K34-J34)
B35: Sport | D35: 1200 | E35: =if(isblank($B35), "", sumif(Transakcje!$E:$E,$B35,Transakcje!$C:$C)) -> 1290 | F35: =if(isblank($B35), "", D35-E35) -> -90 | K35: =if(isblank($H35), "", sumif(Transakcje!$J:$J,$H35,Transakcje!$H:$H)) | L35: =if(isblank($H35), "", K35-J35)
B36: Marta Zdrowie | D36: 0 | E36: =if(isblank($B36), "", sumif(Transakcje!$E:$E,$B36,Transakcje!$C:$C)) -> 2443 | F36: =if(isblank($B36), "", D36-E36) -> -2443 | K36: =if(isblank($H36), "", sumif(Transakcje!$J:$J,$H36,Transakcje!$H:$H)) | L36: =if(isblank($H36), "", K36-J36)
B37: Ubrania / Kosmetyki | D37: 0 | E37: =if(isblank($B37), "", sumif(Transakcje!$E:$E,$B37,Transakcje!$C:$C)) -> 0 | F37: =if(isblank($B37), "", D37-E37) -> 0 | K37: =if(isblank($H37), "", sumif(Transakcje!$J:$J,$H37,Transakcje!$H:$H)) | L37: =if(isblank($H37), "", K37-J37)
B38: Fryzjer / Barber / Paznokcie | D38: 150 | E38: =if(isblank($B38), "", sumif(Transakcje!$E:$E,$B38,Transakcje!$C:$C)) -> 0 | F38: =if(isblank($B38), "", D38-E38) -> 150 | K38: =if(isblank($H38), "", sumif(Transakcje!$J:$J,$H38,Transakcje!$H:$H)) | L38: =if(isblank($H38), "", K38-J38)
B39: Podróże | D39: 0 | E39: =if(isblank($B39), "", sumif(Transakcje!$E:$E,$B39,Transakcje!$C:$C)) -> 139 | F39: =if(isblank($B39), "", D39-E39) -> -139 | K39: =if(isblank($H39), "", sumif(Transakcje!$J:$J,$H39,Transakcje!$H:$H)) | L39: =if(isblank($H39), "", K39-J39)
B40: Inne | D40: 0 | E40: =if(isblank($B40), "", sumif(Transakcje!$E:$E,$B40,Transakcje!$C:$C)) -> 218 | F40: =if(isblank($B40), "", D40-E40) -> -218 | K40: =if(isblank($H40), "", sumif(Transakcje!$J:$J,$H40,Transakcje!$H:$H)) | L40: =if(isblank($H40), "", K40-J40)
B41: Zadłużenie | D41: 0 | E41: =if(isblank($B41), "", sumif(Transakcje!$E:$E,$B41,Transakcje!$C:$C)) -> 0 | F41: =if(isblank($B41), "", D41-E41) -> 0 | K41: =if(isblank($H41), "", sumif(Transakcje!$J:$J,$H41,Transakcje!$H:$H)) | L41: =if(isblank($H41), "", K41-J41)
E44: =if(isblank($B44), "", sumif(Transakcje!$E:$E,$B44,Transakcje!$C:$C)) | F44: =if(isblank($B44), "", D44-E44) | K44: =if(isblank($H44), "", sumif(Transakcje!$J:$J,$H44,Transakcje!$H:$H)) | L44: =if(isblank($H44), "", K44-J44)

Sheet Transakcje
B1: Aby zmienić lub dodać kategorie, zaktualizuj tabele Wydatki i Przychody w arkuszu Podsumowanie.
B2: Wydatki | G2: Przychody
B4: Data | C4: Kwota | D4: Opis | E4: Kategoria | G4: Data | H4: Kwota | I4: Opis | J4: Kategoria
B5: 36781 | C5: 6000 | D5: Marta wypłata | E5: Firma | H5: 30000 | I5: devin | J5: Pensja
C6: 3421 | D6: zus | E6: Firma
C7: 3673 | D7: dochodowy | E7: Firma
C8: 290 | D8: księgowość | E8: Firma
C9: 1420 | D9: Czesne | E9: Nela
C10: 252 | D10: Wyżywienie | E10: Nela
C11: 43 | D11: t-mobile | E11: Dom (czynsz, rachunki)
C12: 981 | D12: Czynsz | E12: Dom (czynsz, rachunki)
C13: 65 | D13: Fundusz Remontowy | E13: Dom (czynsz, rachunki)
C14: 54.99 | D14: internet | E14: Dom (czynsz, rachunki)
C15: 500 | D15: energa | E15: Dom (czynsz, rachunki)
C16: 190 | D16: e-fitness | E16: Sport
C17: 1000 | D17: rafał | E17: Sport
... C63: 100 | D63: mielnik | E63: Restauracje
